1,ABDIAS 
2,ABEL 
3,ABELARDO 
4,ABILIO 
5,ABÍLIO 
6,ABIMEL 
7,ABRAÃO 
8,ABRAHÃO 
9,ABRÃO 
10,ACILINO 
11,ACYR 
12,ADAIAS 
13,ADAILSON 
14,ADAILTON 
15,ADAIR 
16,ADAIRES 
17,ADALBERTO 
18,ADALCIO 
19,ADALMIR 
20,ADALTO 
21,ADAO 
22,ADÃO 
23,ADAUTO 
24,ADEILDO 
25,ADEILSON 
26,ADEILTON 
27,ADELCIO 
28,ADELINO 
29,ADELMO 
30,ADELSON 
31,ADELZIR 
32,ADEMAR 
33,ADEMILSON 
34,ADEMIR 
35,ADENARD 
36,ADENAUER 
37,ADENILSON 
38,ADENIR 
39,ADENISIO 
40,ADERBAL 
41,ADERITO 
42,ADEVALDO 
43,ADEVAR 
44,ADIJONSON 
45,ADILMAR 
46,ADILSON 
47,ADÍLSON 
48,ADILTON 
49,ADIMILSOM 
50,ADIMILSON 
51,ADIRSON 
52,ADMILSON 
53,ADMIR 
54,ADNELSON 
55,ADNILSON 
56,ADOLFO 
57,ADONIAS 
58,ADONIL 
59,ADRIAN 
60,ADRIANO 
61,AÉCIO 
62,AFLAUDIZIO 
63,AFONSO 
64,AFRÂNIO 
65,AGARB 
66,AGENOR 
67,AGILSON 
68,AGNALDO 
69,AGNELO 
70,AGOSTINHO 
71,AGUINALDO 
72,AHMID 
73,AIDE 
74,AILSON 
75,AILTON 
76,AÍLTON 
77,AIRTON 
78,ALAIN 
79,ALAIR 
80,ALAN 
81,ALBERI 
82,ALBERT 
83,ALBERTO 
84,ALCEDIR 
85,ALCENINHO 
86,ALCEU 
87,ALCIDES 
88,ALCIMAR 
89,ALCINDO 
90,ALCIONE 
91,ALCIR 
92,ALCIRIO 
93,ALDACIR 
94,ALDEMAR 
95,ALDEMIR 
96,ALDENILSON 
97,ALDERI 
98,ALDERLEY 
99,ALDO 
100,ALECIO 
101,ALECSANDRO 
102,ALEILSON 
103,ALEJANDRO 
104,ALESSANDRO 
105,ALEVIR 
106,ALEX 
107,ALEXANDER 
108,ALEXANDRE 
109,ALEXANDRO 
110,ALEXEI 
111,ALEXINALDO 
112,ALEXIS 
113,ALEXSANDER 
114,ALEXSANDRO 
115,ALFREDO 
116,ÁLIDE 
117,ALIPIO 
118,ALISON 
119,ALLAN 
120,ALLYSSON 
121,ALMEIDA 
122,ALMIR 
123,ALOISIO 
124,ALOIZIO 
125,ALTAFINI 
126,ALTAIDE 
127,ALTAIR 
128,ALTAMIRO 
129,ALTAVIR 
130,ALTEMAR 
131,ALTEVI 
132,ALTEVIR 
133,ALTIVANIR 
134,ALUISIO 
135,ALUÍSIO 
136,ALVACIR 
137,ALVARO 
138,ÁLVARO 
139,ALYSSON 
140,ALZI 
141,ALZIRO 
142,AMADEU 
143,AMADEUS 
144,AMANCIO 
145,AMANDO 
146,AMARAI 
147,AMARILDO 
148,AMARO 
149,AMAURI 
150,AMAURY 
151,AMERICO 
152,AMÉRICO 
153,AMILCAR 
154,AMÍLCAR 
155,AMILTON 
156,AMIR 
157,AMÓS 
158,ANANIAS 
159,ANASTACIO 
160,ANDERSON 
161,ANDRE 
162,ANDRÉ 
163,ANDREAS 
164,ANDREI 
165,ANDRES 
166,ANDRÉS 
167,ANDREVALDO 
168,ANDREW 
169,ANDREY 
170,ANESIO 
171,ANGEL 
172,ANGELINO 
173,ANGÉLIO 
174,ANGELISIO 
175,ANGELO 
176,ÂNGELO 
177,ANIBAL 
178,ANIBIO 
179,ANIS 
180,ANISIO 
181,ANIVALDO 
182,ANIZIO 
183,ANNIBAL 
184,ANOÉ 
185,ANSELMO 
186,ANTÉLIO 
187,ANTENOR 
188,ANTONINHO 
189,ANTONIO 
190,ANTÔNIO 
191,ANTÕNIO 
192,ANTONY 
193,APARECIDO 
194,AQUILÁS 
195,AQUILES 
196,ARALDO 
197,ARCANJO 
198,ARCILIO 
199,ARGEMIRO 
200,ARI 
201,ARIALDO 
202,ARIEL 
203,ARINALDO 
204,ARIOSVALDO 
205,ARIOVALDO 
206,ARISMILDO 
207,ARISTIDES 
208,ARISTON 
209,ARIVALDO 
210,ARLEI 
211,ARLINDO 
212,ARMANDO 
213,ARMINDO 
214,ARNALDO 
215,ARNESTO 
216,ARNOLD 
217,ARNOLDO 
218,ARNULFO 
219,AROLDO 
220,ARSENIO 
221,ARTHUR 
222,ARTUR 
223,ARTURO 
224,ARY 
225,ASSIS 
226,ASTURIO 
227,ATAIDE 
228,ATAMIR 
229,ATILA 
230,ATILIO 
231,Atleta 
232,ATTILIO 
233,AUAD 
234,AUDAIR 
235,AUGUSTO 
236,AURELIANO 
237,AURELINO 
238,AURELIO 
239,AURÉLIO 
240,AUREO 
241,ÁUREO 
242,AURILO 
243,AURINDO 
244,AURO 
245,AUTO 
246,AVALMIR 
247,AVELINO 
248,AVERLANDSON 
249,AZIZ 
250,BACHIR 
251,BALMES 
252,BART 
253,BARTOLOMEU 
254,BASILIO 
255,BASSAM 
256,BELMIRO 
257,BEN 
258,BENEDICTO 
259,BENEDIKT-JAN 
260,BENEDITO 
261,BENICIO 
262,BENÍCIO 
263,BENJAMIM 
264,BENNY 
265,BENO 
266,BENTO 
267,BENVINDO 
268,BERIVALDO 
269,BERNARDINO 
270,BERNARDO 
271,BERND 
272,BERNHARD 
273,BERTIER 
274,BINGGELI 
275,BOLÍVAR 
276,BONIFÁCIO 
277,BOSCO 
278,BOUTROS 
279,BRASENILDE 
280,BRAULIO 
281,BRÁULIO 
282,BRAZ 
283,BRENO 
284,BRETT 
285,BRIAN 
286,BRUCE 
287,BRUNNO 
288,BRUNO 
289,CACINALDO 
290,CAETANO 
291,CAIO 
292,CAIQUE 
293,CAMILO 
294,CARIOVALDO 
295,CARLITO 
296,CARLO 
297,CARLOS 
298,CARLY 
299,CARMELIO 
300,CARMO 
301,CASIMIRO 
302,CASSIANO 
303,CASSIMIRO 
304,CASSIO 
305,CÁSSIO 
306,CASSIUS 
307,CATSUTOCHI 
308,CAUE 
309,CAUÊ 
310,CAZUO 
311,CECIL 
312,CELESTINO 
313,CELI 
314,CELIIO 
315,CELIO 
316,CÉLIO 
317,CELMO 
318,CELSO 
319,CERCIO 
320,CERILO 
321,CESALTINO 
322,CESAR 
323,CÉSAR 
324,CESARE 
325,CESARIO 
326,CEZAR 
327,CÉZAR 
328,CHANG 
329,CHARLES 
330,CHIUN 
331,CHOZUM 
332,CHRISTIAN 
333,CHRISTIANO 
334,CHRISTOPHER 
335,CICERO 
336,CÍCERO 
337,CID 
338,CIDINEI 
339,CIRILO 
340,CIRO 
341,CLADEMILSON 
342,CLAILTON 
343,CLARINDO 
344,CLAUDECY 
345,CLAUDEMIR 
346,CLAUDEMIRO 
347,CLAUDINE 
348,CLAUDINEI 
349,CLAUDINER 
350,CLAUDIO 
351,CLÁUDIO 
352,CLAUDIOMIRO 
353,CLAUDIONOR 
354,CLAUDIOVAN 
355,CLAUDIR 
356,CLAUDOMIRO 
357,CLAYTON 
358,CLEBER 
359,CLEBERSON 
360,CLEBIO 
361,CLEBSON 
362,CLECIO 
363,CLÉCIO 
364,CLEINER 
365,CLEITON 
366,CLELBER 
367,CLELIO 
368,CLEMENTE 
369,CLENIO 
370,CLEOMAR 
371,CLEONE 
372,CLEÔNIDAS 
373,CLETO 
374,CLEUTER 
375,CLEVERSON 
376,CLEVERTON 
377,CLEYTON 
378,CLEZIO 
379,CLODOALDO 
380,CLOVIS 
381,CLÓVIS 
382,CONDECI 
383,CONRADO 
384,CONSTANTINO 
385,CORNELIO 
386,CORNÉLIO 
387,COSME 
388,COSMO 
389,CRISPIM 
390,CRISTIAN 
391,CRISTIANO 
392,CRISTOVAO 
393,CURT 
394,CYRO 
395,CYRUS 
396,DÁCIO 
397,DAE 
398,DAILSON 
399,DALEONI 
400,DALMILDO 
401,DALMIR 
402,DALMIRO 
403,DALNEI 
404,DALTON 
405,DALVANE 
406,DAMIAO 
407,DAMIÃO 
408,DAN 
409,DANIEL 
410,DANILO 
411,DANTE 
412,DANTON 
413,DARCI 
414,DARCIO 
415,DARCY 
416,DARIDIO 
417,DARIO 
418,DÁRIO 
419,DARLAN 
420,DARWIN 
421,DAVI 
422,DAVID 
423,DECIO 
424,DÉCIO 
425,DEIJANIRO 
426,DEILSON 
427,DEIVID 
428,DEJAIR 
429,DEJAIRSON 
430,DELARIO 
431,DELCIO 
432,DELFIM 
433,DELFINO 
434,DELILE 
435,DELMAR 
436,DELMIR 
437,DELMO 
438,DELSON 
439,DEMAR 
440,DEMÁRIO 
441,DEMÉTRIO 
442,DEMPSEY 
443,DENER 
444,DENICIO 
445,DENILCIO 
446,DENILSON 
447,DENIR 
448,DENIS 
449,DENISE 
450,DENNER 
451,DEOCLECIANO 
452,DEOCLECIO 
453,DEOCLÉCIO 
454,DEONILDO 
455,DERCIO 
456,DERCY 
457,DERNEVALDO 
458,DEUSDEDITE 
459,DEUSDETE 
460,DEUSIMAR 
461,DEVAIR 
462,DEVANIR 
463,DIANARY 
464,DICKSON 
465,DICLER 
466,DICSON 
467,DIDACIO 
468,DIEGO 
469,DIETER 
470,DIETMAR 
471,DILSON 
472,DILTON 
473,DIMAS 
474,DINARTE 
475,DINIZ 
476,DIODETE 
477,DIOGENES 
478,DIÓGENES 
479,DIOGO 
480,DIONE 
481,DIONISIO 
482,DIRCEU 
483,DIRK 
484,DIVALDO 
485,DIVINO 
486,DJACIR 
487,DJACKSON 
488,DJALMA 
489,DJEFERSON 
490,DOMICIO 
491,DOMILSON 
492,DOMINGOS 
493,DONATO 
494,DONISETE 
495,DONIZETE 
496,DONIZETI 
497,DONIZETTI 
498,DORGIVAL 
499,DORINALDO 
500,DORIVAL 
501,DORVAL 
502,DOUGLAS 
503,DOURINALDO 
504,DOURIVALDO 
505,DOV 
506,DOVAL 
507,DR. 
508,DUARTE 
509,DURVAL 
510,DURVALINO 
511,DUSTAN 
512,EALTON 
513,EBER 
514,ED 
515,EDDY 
516,EDELCIO 
517,EDELMANDO 
518,EDELSON 
519,EDEM 
520,EDEMILSON 
521,EDENI 
522,EDENILSON 
523,EDER 
524,EDERCIO 
525,EDERSON 
526,EDERVAL 
527,EDESIO 
528,EDÉSIO 
529,EDEVADO 
530,EDEVALDO 
531,EDGAR 
532,EDGARD 
533,EDI 
534,EDICARLOS 
535,EDILBERTO 
536,EDILOM 
537,EDILSON 
538,EDIMAR 
539,EDIMILSON 
540,EDINALDO 
541,EDINEI 
542,EDINEU 
543,EDINILTON 
544,ÉDINO 
545,EDIO 
546,ÉDIO 
547,EDIR 
548,EDIRAN 
549,EDIREZ 
550,EDISON 
551,EDIVALDO 
552,EDIVAN 
553,EDIVANILDO 
554,EDIVAR 
555,EDIVINO 
556,EDMAR 
557,EDMILSON 
558,EDMIR 
559,EDMO 
560,EDMUNDO 
561,EDMUR 
562,EDNALDO 
563,EDNEI 
564,EDNEU 
565,EDNEY 
566,EDNILSON 
567,EDNILTON 
568,EDNYLSON 
569,ÉDONY 
570,EDRISIO 
571,EDSEL 
572,EDSON 
573,EDUANI 
574,EDUARDO 
575,EDUARTE 
576,EDVAL 
577,EDVALDO 
578,EDVANDO 
579,EDVILSON 
580,EDWARD 
581,EGIDIO 
582,EGNALDO 
583,EGON 
584,EIBERT 
585,EIDI 
586,EIDNALVO 
587,EIJI 
588,EILSON 
589,ELCIO 
590,ÉLCIO 
591,ELCY 
592,ELDER 
593,ELEANDRO 
594,ELENILSON 
595,ELI 
596,ELIAS 
597,ELIE 
598,ELIÉDERSON 
599,ELIEL 
600,ELIELSON 
601,ELIELTON 
602,ELIENAI 
603,ELIESIO 
604,ELIEZER 
605,ELIJAH 
606,ELIO 
607,ELIOENAY 
608,ELIOMAR 
609,ELISEU 
610,ELISIO 
611,ELISSON 
612,ELIVAR 
613,ELIZEU 
614,ELIZIARIO 
615,ELIZIÉR 
616,ELMAR 
617,ELMO 
618,ELOAR 
619,ELOI 
620,ELOIZO 
621,ELOY 
622,ELSON 
623,ELTON 
624,ELVANI 
625,ELVIO 
626,ELVIS 
627,ELZO 
628,EMANOEL 
629,EMANUEL 
630,EMERSON 
631,ÉMERSON 
632,EMILIANO 
633,EMILIO 
634,EMÍLIO 
635,EMÍLSON 
636,EMILTON 
637,EMIR 
638,EMIRALDO 
639,EMMANUEL 
640,ENALDO 
641,ENALDYÊ 
642,ENDRIGO 
643,ENEAS 
644,ENEIAS 
645,ENILSON 
646,ENIO 
647,ENITHEVALDO 
648,ENOCHX 
649,ENOQUE 
650,ENRICO 
651,ENZO 
652,EPITACIO 
653,ERALDO 
654,ERAN 
655,ERASMO 
656,ERECIANO 
657,ERIC 
658,ERICIO 
659,ERICK 
660,ÉRICO 
661,ERICSSON 
662,ERIK 
663,ERINALDO 
664,ERIOSVALDO 
665,ERIVALDO 
666,ERIVAN 
667,ERIVELTO 
668,ERIVELTON 
669,ERMENSON 
670,ERNANDE 
671,ERNANDES 
672,ERNANE 
673,ERNANI 
674,ERNESTO 
675,EROALDO 
676,ERON 
677,ERONIDES 
678,EROS 
679,ESDRAS 
680,ESEQUIEL 
681,ESMERALDO 
682,ESPEDITO 
683,ESTEFANO 
684,ESTEVAO 
685,ESTEVON 
686,ETELINO 
687,ETENILDO 
688,ETEVALDO 
689,ETHIENNI 
690,ETRUS 
691,ETTORI 
692,EUCLIDES 
693,EUDES 
694,EUGÊNIO 
695,EULER 
696,EULO 
697,EUNÁPIO 
698,EURICO 
699,EURIPEDES 
700,EUSEBIO 
701,EUSÉBIO 
702,EUSTAQUIO 
703,EUVALDO 
704,EUVANDERSON 
705,EUZÉBIO 
706,EVALDO 
707,EVANDO 
708,EVANDRO 
709,EVARISTO 
710,EVERALDO 
711,EVERTOM 
712,EVERTON 
713,EWERTON 
714,EXPEDITO 
715,EZAQUEU 
716,EZEQUIEL 
717,EZIQUIEL 
718,FABIAN 
719,FABIANO 
720,FABIO 
721,FÁBIO 
722,FABIUS 
723,FABRICIO 
724,FABRÍCIO 
725,FABRIZIO 
726,FAIÇAL 
727,FARLEY 
728,FATIMO 
729,FAUSTO 
730,FAUZER 
731,FEDERICO 
732,FELICE 
733,FELICIANO 
734,FELINTO 
735,FELIPE 
736,FELIX 
737,FELLIPE 
738,FERNANDO 
739,FERRÚCIO 
740,FIDELCINO 
741,FILADELFO 
742,FILIPE 
743,FLAVIANO 
744,FLAVIO 
745,FLÁVIO 
746,FLEDILSON 
747,FLORENCIO 
748,FLORIANO 
749,FLORISVALDO 
750,FORTUNATO 
751,FRANCCESCO 
752,FRANCESCO 
753,FRANCIMAR 
754,FRANCIMARIO 
755,FRANCISCO 
756,FRANCISDIL 
757,FRANCISLENO 
758,FRANCISNEI 
759,FRANCISO 
760,FRANCIVAL 
761,FRANCK 
762,FRANCO 
763,FRANKLIN 
764,FRED 
765,FREDERICO 
766,FREDISON 
767,FRENANDO 
768,FUAD 
769,GABRIEL 
770,GABRIELSINISCALCHI 
771,GAETAN 
772,GALILEO 
773,GALO 
774,GARBO 
775,GASPAR 
776,GASTÃO 
777,GASTON 
778,GAUDENCIO 
779,GEAN 
780,GEAZE 
781,GEAZI 
782,GEDEON 
783,GEDOR 
784,GEIR 
785,GELSON 
786,GENALDO 
787,GENES 
788,GENESIO 
789,GENEZIO 
790,GENILDO 
791,GENIVAL 
792,GENIVALDO 
793,GENOVEZ 
794,GENTIL 
795,GEORG 
796,GEORGE 
797,GEOVAN 
798,GEOVANE 
799,GEOVANI 
800,GEOVÂNNIO 
801,GERALDINO 
802,GERALDO 
803,GERARDO 
804,GERCI 
805,GERCINO 
806,GERD 
807,GEREMIAS 
808,GERHARD 
809,GERLÂNIO 
810,GERMINO 
811,GERSÉ 
812,GERSINO 
813,GERSON 
814,GESNER 
815,GESSÉ 
816,GESSER 
817,GETULIO 
818,GETÚLIO 
819,GIANCARLO 
820,GIANNI 
821,GIANPAULO 
822,GIDELTO 
823,GIDEVALDO 
824,GIL 
825,GILBERTO 
826,GILCEI 
827,GILDENOR 
828,GILDEVANIO 
829,GILDO 
830,GILENE 
831,GILFRAN 
832,GILIALDO 
833,GILMAR 
834,GILNADEJE 
835,GILSOM 
836,GILSON 
837,GILTON 
838,GILVAN 
839,GILVANDO 
840,GILVANE 
841,GILVANIO 
842,GILVERTON 
843,GINALDO 
844,GINEZ 
845,GIOLIANO 
846,GIOMAR 
847,GIORGIO 
848,GIOVANE 
849,GIOVANI 
850,GIOVANNI 
851,GIRSON 
852,GISLANDIO 
853,GIULIAN 
854,GIULIANO 
855,GIULIO 
856,GIUSEPE 
857,GIUSEPPE 
858,GIUVAM 
859,GIVALDO 
860,GIVANIL 
861,GIVANILDO 
862,GLADSON 
863,GLAICON 
864,GLAUBER 
865,GLAUCIO 
866,GLÁUCIO 
867,GLAUCO 
868,GLAYDSON 
869,GLEIBSON 
870,GLEISON 
871,GLEISSON 
872,GLÊNIO 
873,GLEYDSON 
874,GONÇALO 
875,GONZALO 
876,GORO 
877,GRACCO 
878,GRACILIANO 
879,GREGORIO 
880,GRIMALDO 
881,GUARANY 
882,GUIDO 
883,GUILHERME 
884,GUILLAUME 
885,GUILLERMO 
886,GUINALDO 
887,GUINEL 
888,GULIVER 
889,GUMERCINDO 
890,GUNTHER 
891,GUO 
892,GUSTAVO 
893,GUTEMBERG 
894,GYLSON 
895,HADRIANO 
896,HAIRTON 
897,HAJIME 
898,HAMILTON 
899,HANNO 
900,HANS 
901,HAROLDO 
902,HARUMI 
903,HARUO 
904,HAYLSON 
905,HECTOR 
906,HÉCTOR 
907,HEDER 
908,HEISUKE 
909,HEITOR 
910,HELBERT 
911,HELDER 
912,HELENO 
913,HELIBERTO 
914,HELIO 
915,HÉLIO 
916,HELMUT 
917,HELTON 
918,HELVECIO 
919,HELVÉCIO 
920,HELVIO 
921,HELY 
922,HEMERSSON 
923,HENNING 
924,HENRI 
925,HENRIQUE 
926,HERÁCLITO 
927,HERALDO 
928,HERBERT 
929,HERCILIO 
930,HERCIO 
931,HERCULES 
932,HERIVELTO 
933,HERIVELTON 
934,HERMANO 
935,HERMENEGILDO 
936,HERMES 
937,HERMINIO 
938,HERNANDES 
939,HERNANI 
940,HERNERIO 
941,HERONIDES 
942,HERVAL 
943,HIDEO 
944,HIELSON 
945,HILDE 
946,HILTON 
947,HIPOLITO 
948,HIROTSU 
949,HOMERO 
950,HONERO 
951,HORACIO 
952,HORMINO 
953,HOSANIEL 
954,HUBERT 
955,HUDSON 
956,HUGO 
957,HUGUES 
958,HUMBERTO 
959,HUNALD 
960,IATA 
961,IBERÊ 
962,IDAEL 
963,IDALTO 
964,IDE 
965,IDELFONSO 
966,IDINEI 
967,IGOR 
968,ILÇO 
969,ILDEBRANDO 
970,ILDEFONSO 
971,ILDEMAR 
972,ILIDIO 
973,ILSON 
974,ILTON 
975,IMAD 
976,INACIO 
977,INÁCIO 
978,INALDO 
979,INGO 
980,INOCÊNCIO 
981,IOSHIAKI 
982,IRAI 
983,IRAMAR 
984,IRANILDO 
985,IRENIO 
986,IRENO 
987,IRES 
988,IRINEU 
989,IRIO 
990,IRIS 
991,IRNALDO 
992,IRSON 
993,ISAAC 
994,ISAC 
995,ISAIAS 
996,ISAIEL 
997,ISALTINO 
998,ISAMU 
999,ISAN 
1000,ISAURO 
1001,ISI 
1002,ISIDÓRIO 
1003,ISMAEL 
1004,ISMAR 
1005,ISNAEL 
1006,ISNALDO 
1007,ISRAEL 
1008,ISSAM 
1009,ISTADEU 
1010,ITACIR 
1011,ITALO 
1012,ITAMAR 
1013,ITEMILTON 
1014,IURI 
1015,IVÃ 
1016,IVAIR 
1017,IVALDO 
1018,IVAN 
1019,IVANDARO 
1020,IVANE 
1021,IVANI 
1022,IVANILDO 
1023,IVANIR 
1024,IVANO 
1025,IVAR 
1026,IVERALDO 
1027,IVO 
1028,IVONIR 
1029,IVSON 
1030,IZAEL 
1031,IZAQUE 
1032,IZAURINO 
1033,IZOMAR 
1034,JABSON 
1035,JACIMAR 
1036,JACK 
1037,JACKSON 
1038,JACOB 
1039,JADER 
1040,JADERSON 
1041,JADIR 
1042,JAE 
1043,JAEL 
1044,JAI 
1045,JAILSON 
1046,JAILTON 
1047,JAIME 
1048,JAIR 
1049,JAIRO 
1050,JAISON 
1051,JAMES 
1052,JAMIL 
1053,JAMIR 
1054,JAMIRO 
1055,JAN 
1056,JANARI 
1057,JANDUIR 
1058,JANEDSON 
1059,JANEOVAN 
1060,JANES 
1061,JANIO 
1062,JÂNIO 
1063,JANSÊNIO 
1064,JANSLEY 
1065,JANUARIO 
1066,JANUÁRIO 
1067,JANUNCIO 
1068,JAQUES 
1069,JARBAS 
1070,JARDEL 
1071,JARIR 
1072,JASON 
1073,JASPER 
1074,JAYME 
1075,JEAN 
1076,JEFERSON 
1077,JEFFERSON 
1078,JEFFREY 
1079,JENIVALDO 
1080,JENKINS 
1081,JEOACAZ 
1082,JEOBSON 
1083,JEOSADAQUE 
1084,JEOVA 
1085,JEOVANE 
1086,JEOVANI 
1087,JERCINOEL 
1088,JEREMIAS 
1089,JERILSON 
1090,JERONIMO 
1091,JERONYMO 
1092,JERRY 
1093,JERSON 
1094,JESS 
1095,JESSE 
1096,JESSÉ 
1097,JESUINO 
1098,JESUS 
1099,JEVERSON 
1100,JHONNY 
1101,JHONY 
1102,JILDERLON 
1103,JILVAN 
1104,JIRINALDO 
1105,JIRO 
1106,JIVANILDO 
1107,JOACHIM 
1108,JOACI 
1109,JOANES 
1110,JOAO 
1111,JOÃO 
1112,JOAQUIM 
1113,JOAREZ 
1114,JOÁS 
1115,JOBERTO 
1116,JOBSON 
1117,JOCELI 
1118,JOCELIN 
1119,JOCEMAR 
1120,JOCIVALDO 
1121,JODEIR 
1122,JOEDILSON 
1123,JOEDIR 
1124,JOEILTON 
1125,JOEL 
1126,JOELMIR 
1127,JOELSON 
1128,JOFRE 
1129,JOHANN 
1130,JOHN 
1131,JOÍLDES 
1132,JOILSON 
1133,JOMAR 
1134,JONAS 
1135,JONATAN 
1136,JÔNATAS 
1137,JONATHA 
1138,JONATHAN 
1139,JONE 
1140,JONICLEI 
1141,JONILDO 
1142,JONILSON 
1143,JONSHON 
1144,JORCY 
1145,JORDÃO 
1146,JORDELIO 
1147,JORGE 
1148,JORIVÊ 
1149,JORSELINO 
1150,JOSAFA 
1151,JOSAFÁ 
1152,JOSAFAT 
1153,JOSBECASI 
1154,JOSE 
1155,JOSÉ 
1156,JOSÈ 
1157,JOSEBIE 
1158,JOSEILTON 
1159,JOSELITO 
1160,JOSEMAR 
1161,JOSEMARIO 
1162,JOSENALDO 
1163,JOSENILDO 
1164,JOSEPH 
1165,JOSHUA 
1166,JOSIANDER 
1167,JOSIAS 
1168,JOSIEL 
1169,JOSIELDO 
1170,JOSILDO 
1171,JOSIMAR 
1172,JOSINALDO 
1173,JOSIP 
1174,JOSIVALDO 
1175,JOSUE 
1176,JOSUÉ 
1177,JOSUEL 
1178,JOSUELITO 
1179,JOSUILTON 
1180,JOTACIR 
1181,JOUBERT 
1182,JOVAIR 
1183,JOVANNI 
1184,JOVELINO 
1185,JOVENAL 
1186,JOVENIL 
1187,JOVINO 
1188,JOZINALDO 
1189,JOZIVALDO 
1190,JOZUE 
1191,JUAN 
1192,JUAREZ 
1193,JUARI 
1194,JUCELINO 
1195,JUCILEI 
1196,JUDIMAR 
1197,JUDSON 
1198,JULIAN 
1199,JULIANO 
1200,JULIO 
1201,JÚLIO 
1202,JUNE 
1203,JUNHO 
1204,JUNIOR 
1205,JUNIS 
1206,JUNIVAL 
1207,JURACI 
1208,JURACY 
1209,JURANDI 
1210,JURANDIR 
1211,JURATAÍ 
1212,JÜRGEN 
1213,JURIVALDO 
1214,JUSCELINO 
1215,JUSLEY 
1216,JUSTO 
1217,JUVENAL 
1218,JUVÊNCIO 
1219,KAMIS 
1220,KARIM 
1221,KATSUIKO 
1222,KATSUMI 
1223,KATSUO 
1224,KAUY 
1225,KAZUHIKO 
1226,KAZUHIRO 
1227,KAZUO 
1228,KAZUYOCHI 
1229,KECHI 
1230,KEIFSON 
1231,KELSON 
1232,KEN 
1233,KENEDY 
1234,KENNEDY 
1235,KENNER 
1236,KENSEI 
1237,KENSUKE 
1238,KEPLER 
1239,KHALIL 
1240,KILDER 
1241,KÍLDERE 
1242,KIYOMI 
1243,KIYOSHI 
1244,KLAUS 
1245,KLEBER 
1246,KLEIBSON 
1247,KLEITON 
1248,KOUKI 
1249,KUNIHIRO 
1250,LADISLAU 
1251,LAELSON 
1252,LAERCIO 
1253,LAÉRCIO 
1254,LAERTE 
1255,LAILSON 
1256,LAIR 
1257,LAIRTON 
1258,LAMARQUE 
1259,LAMARTINE 
1260,LARS 
1261,LAUDELINO 
1262,LAUREANO 
1263,LAURECI 
1264,LAURENILDO 
1265,LAURENT 
1266,LAURINDO 
1267,LAURO 
1268,LAYANDSON 
1269,LAZARO 
1270,LEANDRO 
1271,LEE 
1272,LEIRTON 
1273,LENALDO 
1274,LENES 
1275,LENILSO 
1276,LENILSON 
1277,LEO 
1278,LÉO 
1279,LEONARDO 
1280,LEONE 
1281,LEONEL 
1282,LEONIDAS 
1283,LEONILDO 
1284,LEONTINO 
1285,LEOPOLDO 
1286,LERVIS 
1287,LEVI 
1288,LEVY 
1289,LHIRTON 
1290,LI 
1291,LIN 
1292,LINCOLN 
1293,LINDEMBERG 
1294,LINDENBERG 
1295,LINDOLFO 
1296,LINDOMAR 
1297,LINDONJONSON 
1298,LINNEU 
1299,LINO 
1300,LINOEL 
1301,LIODONIO 
1302,LIONEL 
1303,LIONSON 
1304,LISOMAR 
1305,LOAN 
1306,LORIVAL 
1307,LOURIVAL 
1308,LUCAS 
1309,LUCELIO 
1310,LUCENO 
1311,LUCIANO 
1312,LUCILIO 
1313,LUCIMAR 
1314,LUCIO 
1315,LÚCIO 
1316,LUCIVALDO 
1317,LUDOVICO 
1318,LUIGI 
1319,LUIS 
1320,LUÍS 
1321,LUIZ 
1322,LUÍZ 
1323,LUZIMAR 
1324,LYSTER 
1325,MACIEL 
1326,MAGNO 
1327,MAICON 
1328,MALCO 
1329,MAMORU 
1330,MANABU 
1331,MANASSES 
1332,MANFRED 
1333,MANOEL 
1334,MANUEL 
1335,MANUEZO 
1336,MARÇAL 
1337,MARCEL 
1338,MARCELINO 
1339,MARCELLO 
1340,MARCELO 
1341,MARCILIO 
1342,MARCIO 
1343,MÁRCIO 
1344,MARCLOVES 
1345,MARCO 
1346,MARCONE 
1347,MARCOS 
1348,MARCUS 
1349,MARELÍGIO 
1350,MARIANO 
1351,MARICELIO 
1352,MARILDO 
1353,MARILON 
1354,MARILSON 
1355,MARINALDO 
1356,MARINO 
1357,MARINOEL 
1358,MARIO 
1359,MÁRIO 
1360,MARISVALDO 
1361,MARK 
1362,MARKUS 
1363,MARLON 
1364,MARLOS 
1365,MARLUCIO 
1366,MARSON 
1367,MARTIMINIANO 
1368,MARTIN 
1369,MARTÍN 
1370,MARTINHO 
1371,MARTINIANO 
1372,MASARU 
1373,MASAYUKI 
1374,MASCIANO 
1375,MASSAMI 
1376,MASSAO 
1377,MATEUS 
1378,MATHEUS 
1379,MATHEW 
1380,MATIAS 
1381,MATOSINHO 
1382,MATTHIAS 
1383,MATUSALEM 
1384,MAURICI 
1385,MAURICIO 
1386,MAURÍCIO 
1387,MAURICO 
1388,MAURILIO 
1389,MAURITIUS 
1390,MAURIVON 
1391,MAURIZIO 
1392,MAURO 
1393,MAX 
1394,MAXIMO 
1395,MELQUES 
1396,MELQUÍADES 
1397,MENOTI 
1398,MENOTTI 
1399,MESSIAS 
1400,MICHAEL 
1401,MICHEL 
1402,MICHELANGELO 
1403,MIGUEL 
1404,MIKHAEL 
1405,MILITÃO 
1406,MILORAD 
1407,MILSON 
1408,MILTON 
1409,MINERVINO 
1410,MINORU 
1411,MIQUÉIAS 
1412,MIRALDO 
1413,MISAIAS 
1414,MISAO 
1415,MISSAKI 
1416,MITSURU 
1417,MOACIR 
1418,MOACYR 
1419,MODESTO 
1420,MOISES 
1421,MOISÉS 
1422,MOIZES 
1423,MOIZÉS 
1424,MORALES 
1425,MORVAN 
1426,MOYSÉS 
1427,MOZART 
1428,MUHIDIN 
1429,MUNEKAZU 
1430,MURILO 
1431,MUSSA 
1432,NACIB 
1433,NACITEL 
1434,NAGAO 
1435,NAHASHON 
1436,NAILTON 
1437,NARCISO 
1438,NARDELLE 
1439,NATAL 
1440,NATALE 
1441,NATALICIO 
1442,NATALINO 
1443,NATANAEL 
1444,NAVAL 
1445,NEEMIAS 
1446,NEGIPE 
1447,NEI 
1448,NEILTON 
1449,NEISVALDO 
1450,NELCI 
1451,NÉLIO 
1452,NELLO 
1453,NELSO 
1454,NELSON 
1455,NÉLSON 
1456,NEMESIO 
1457,NEPHTALI 
1458,NERIVALDO 
1459,NESLON 
1460,NESSIM 
1461,NESTOR 
1462,NEUDIR 
1463,NEWTON 
1464,NEY 
1465,NEYBER 
1466,NEYGMAR 
1467,NEZIAS 
1468,NGAN 
1469,NICANOR 
1470,NICEMAR 
1471,NICKOLAS 
1472,NICOLAS 
1473,NICOLAU 
1474,NIGUSSE 
1475,NILO 
1476,NILSON 
1477,NILTON 
1478,NÍLVIO 
1479,NIRCEU 
1480,NIVALDO 
1481,NIVON 
1482,NOBUO 
1483,NOBUYUKI 
1484,NOEL 
1485,NOELTON 
1486,NORBERTO 
1487,NORDELIODE 
1488,NORDI 
1489,NORIVAL 
1490,NORMANDO 
1491,NORTHON 
1492,NOUFER 
1493,NSUNGU 
1494,NUNO 
1495,OBEDE 
1496,OCTAVIO 
1497,OCTÁVIO 
1498,ODAIR 
1499,ODELMO 
1500,ODEMAR 
1501,ODENIR 
1502,ODILON 
1503,ODIR 
1504,ODIRLEI 
1505,ODIRLEY 
1506,ODISSEUS 
1507,ODIVAL 
1508,ODNILSON 
1509,ODONTINO 
1510,ODUVALDO 
1511,OLAVO 
1512,OLDAQUE 
1513,OLDEMAR 
1514,OLIBERTO 
1515,OLIMPIO 
1516,OLIVAR 
1517,OLIVER 
1518,OLYMPIO 
1519,OMAR 
1520,OMERO 
1521,ONIVALDO 
1522,ONOFRE 
1523,ORALDO 
1524,ORANDI 
1525,ORESTE 
1526,ORESTES 
1527,ORIDES 
1528,ORIOVALDO 
1529,ORISVALDO 
1530,ORLANDO 
1531,ORLEANS 
1532,ORMENZINDO 
1533,OROZIMBO 
1534,OROZINO 
1535,OSCAR 
1536,OSCILD 
1537,OSMAR 
1538,OSMARINO 
1539,OSMÁRIO 
1540,OSMUNDO 
1541,OSNIVALDO 
1542,OSORIO 
1543,OSVALDO 
1544,OSVALTON 
1545,OSWALDO 
1546,OTACIANO 
1547,OTACILIO 
1548,OTACÍLIO 
1549,OTAVIANO 
1550,OTAVIO 
1551,OTÁVIO 
1552,OTHMAR 
1553,OTHON 
1554,OTONIEL 
1555,OTTON 
1556,OVIDIO 
1557,OZIEL 
1558,PABLO 
1559,PARRASIO 
1560,PASCHOAL 
1561,PASCOAL 
1562,PASQUALE 
1563,PATRICK 
1564,PAULINO 
1565,PAULO 
1566,PEDRO 
1567,PERCILIO 
1568,PERCIO 
1569,PEREGRINO 
1570,PERI 
1571,PERSIO 
1572,PÉRSIO 
1573,PERTINO 
1574,PETER 
1575,PETERSON 
1576,PETRÔNIO 
1577,PETRÚCIO 
1578,PHILLIP 
1579,PIER 
1580,PIERLUIGI 
1581,PLÁCIDO 
1582,PLINIO 
1583,PRAXEDES 
1584,QUIOXY 
1585,QUITERIO 
1586,RAELSON 
1587,RAFAEL 
1588,RAFFAEL 
1589,RAIFRAN 
1590,RAILEY 
1591,RAILTON 
1592,RAIMUNDO 
1593,RAINER 
1594,RALFIO 
1595,RALPH 
1596,RAMAH 
1597,RAMALHO 
1598,RAMILTON 
1599,RAMIREZ 
1600,RAMIRO 
1601,RAMON 
1602,RANDAL 
1603,RANDERSON 
1604,RANILSON 
1605,RAONI 
1606,RAPHAEL 
1607,RAUL 
1608,RAYMUNDO 
1609,REGINALDO 
1610,REGIS 
1611,RÉGIS 
1612,REGIVALDO 
1613,REINALDO 
1614,REINHARD 
1615,REINIS 
1616,RELTON 
1617,REMERSON 
1618,REMI 
1619,REMILTON 
1620,RENAN 
1621,RENATO 
1622,RENE 
1623,RENÉ 
1624,RENIVALDO 
1625,RENNE 
1626,RENNER 
1627,RENNY 
1628,REVAIL 
1629,REYNALDO 
1630,RICARDO 
1631,RICHARD 
1632,RIDER 
1633,RIDIS 
1634,RIKARDO 
1635,RINALDO 
1636,RINTARO 
1637,RIVALDO 
1638,RIVANILDO 
1639,RIYUSEI 
1640,ROBERIO 
1641,ROBÉRIO 
1642,ROBERSON 
1643,ROBERT 
1644,ROBERTO 
1645,ROBERTSON 
1646,ROBERVAL 
1647,ROBERVALDO 
1648,ROBINSON 
1649,ROBIS 
1650,ROBISNEI 
1651,ROBISON 
1652,RÓBISON 
1653,ROBSON 
1654,RODINEI 
1655,RODNEI 
1656,RODNEY 
1657,RODNILSON 
1658,RODOLFO 
1659,RODOLPHO 
1660,RODRIGO 
1661,ROEL 
1662,ROGACIANO 
1663,ROGÊNIO 
1664,ROGER 
1665,RÓGER 
1666,ROGERIO 
1667,ROGÉRIO 
1668,ROGES 
1669,ROKNEI 
1670,ROLANDO 
1671,ROLLAND 
1672,ROMANO 
1673,ROMAO 
1674,ROMEU 
1675,ROMILDO 
1676,ROMIR 
1677,ROMOALDO 
1678,ROMUALDO 
1679,ROMULO 
1680,RONALD 
1681,RONALDO 
1682,RONAN 
1683,RONDINELE 
1684,RONEY 
1685,RONGÉRIO 
1686,RONILDO 
1687,RONILSON 
1688,RONILTON 
1689,RONIVALDO 
1690,RONIVOM 
1691,RONNEY 
1692,RONNIE 
1693,RONNY 
1694,RONY 
1695,ROQUE 
1696,ROSALDO 
1697,ROSALINO 
1698,ROSALVO 
1699,ROSILDO 
1700,ROVERLEI 
1701,ROVILSON 
1702,RUBEM 
1703,RUBENS 
1704,RUBERVAL 
1705,RUBI 
1706,RUDELEY 
1707,RUDINEI 
1708,RUDIVAL 
1709,RUDYARD 
1710,RUEDIGER 
1711,RUGGERO 
1712,RUI 
1713,RUÍS 
1714,RUY 
1715,RYNALDO 
1716,RYOJI 
1717,SABINO 
1718,SADY 
1719,SALIN 
1720,SALMO 
1721,SALOMAO 
1722,SALVADOR 
1723,SÁLVIO 
1724,SAME 
1725,SAMIO 
1726,SAMIR 
1727,SAMMY 
1728,SAMUEL 
1729,SAMY 
1730,SANDER 
1731,SANDOVAL 
1732,SANDRO 
1733,SANGER 
1734,SANTIAGO 
1735,SANTINO 
1736,SANTO 
1737,SATOSHI 
1738,SAUL 
1739,SAULO 
1740,SÁVIO 
1741,SCHOSIRO 
1742,SEBASTIAO 
1743,SEBASTIÃO 
1744,SELMO 
1745,SENICHIRO 
1746,SERGIO 
1747,SÉRGIO 
1748,SERGYO 
1749,SERJO 
1750,SÉRVIO 
1751,SEUNG 
1752,SEVERINO 
1753,SHIGUEO 
1754,SHIGUEYUKI 
1755,SHINGI 
1756,SHINJI 
1757,SHINPEI 
1758,SHINSO 
1759,SHOJI 
1760,SHOKEM 
1761,SHOSIRO 
1762,SIDCLEI 
1763,SIDERLEI 
1764,SIDERLEY 
1765,SIDNEI 
1766,SIDNEY 
1767,SIDNI 
1768,SILAS 
1769,SILDENI 
1770,SILVAL 
1771,SILVANO 
1772,SILVÉRIO 
1773,SILVESTRE 
1774,SILVINO 
1775,SILVIO 
1776,SÍLVIO 
1777,SIMAO 
1778,SIMEÃO 
1779,SIMON 
1780,SINEZIO 
1781,SINITI 
1782,SIRLÉCIO 
1783,SIRLEI 
1784,SIVALDO 
1785,SIVIRINO 
1786,SIVONALDO 
1787,SIXTO 
1788,SOKUCHIN 
1789,SÔMULO 
1790,SONG 
1791,SOTERO 
1792,SOUZA 
1793,STANISLAV 
1794,STEFAN 
1795,STENIO 
1796,STEPHEN 
1797,SYLVÉRIO 
1798,SYLVIO 
1799,TABAJARA 
1800,TACIO 
1801,TÁCIO 
1802,TADASHI 
1803,TADEU 
1804,TAKAO 
1805,TAKASHI 
1806,TAKEMICHI 
1807,TAKESHI 
1808,TALES 
1809,TALMO 
1810,TANOS 
1811,TAQUEO 
1812,TARCISIO 
1813,TARCÍSIO 
1814,TARCISO 
1815,TARLY 
1816,TEADEU 
1817,TELMO 
1818,TEMISTOCLES 
1819,TENG 
1820,TENNISON 
1821,TEODORO 
1822,TEÓFILO 
1823,TEOMAR 
1824,TEOTONIO 
1825,TERSILDO 
1826,TERUO 
1827,TESFAYE 
1828,TETSU 
1829,TETSUGI 
1830,THEO 
1831,THÉO 
1832,THEODORO 
1833,THIAGO 
1834,THIERRY 
1835,THIERS 
1836,THOMAS 
1837,THOMAZ 
1838,TIAGO 
1839,TIBÉRIO 
1840,TIBOR 
1841,TIMOTHY 
1842,TIRSON 
1843,TITO 
1844,TJIOE 
1845,TOBIAS 
1846,TOMÁS 
1847,TOMAZ 
1848,TOMIO 
1849,TOMISLAV 
1850,TORAO 
1851,TOSHIHIRO 
1852,TOSHIMASSA 
1853,TOSHIO 
1854,TOSHIRO 
1855,TOSHIYUKI 
1856,TSUTOMU 
1857,TU 
1858,TÚLIO 
1859,TUPINAMBÁS 
1860,UBALDO 
1861,UBIRASSIM 
1862,UBIRATA 
1863,UBIRATAN 
1864,UDEMBERGUE 
1865,UILTON 
1866,UIRA 
1867,ULDIS 
1868,ULISSES 
1869,UMBERTO 
1870,URANDY 
1871,URANIO 
1872,URBANO 
1873,URIWAGNER 
1874,VAGNER 
1875,VALCIR 
1876,VALDAIR 
1877,VALDECARLOS 
1878,VALDECI 
1879,VALDECIR 
1880,VALDEIR 
1881,VALDEK 
1882,VALDELÍCIO 
1883,VALDELINO 
1884,VALDEMAR 
1885,VALDEMI 
1886,VALDEMILSON 
1887,VALDEMIR 
1888,VALDEMIRO 
1889,VALDENIR 
1890,VALDERI 
1891,VALDETE 
1892,VALDEVINO 
1893,VALDEZ 
1894,VALDIÇO 
1895,VALDIMAR 
1896,VALDIMIRO 
1897,VALDINEI 
1898,VALDIR 
1899,VALDIVINI 
1900,VALDIVINO 
1901,VALDO 
1902,VALDOMERO 
1903,VALDOMIRO 
1904,VALENTIM 
1905,VALERIO 
1906,VALMIR 
1907,VALMOR 
1908,VALNIR 
1909,VALTÉCIO 
1910,VALTER 
1911,VAMBERTO 
1912,VANDER 
1913,VANDERLEI 
1914,VANDERLEY 
1915,VANDERLI 
1916,VANDERLIN 
1917,VANDERLY 
1918,VANDERSON 
1919,VANDERVAL 
1920,VANDO 
1921,VANDUIR 
1922,VANILDO 
1923,VANOIL 
1924,VASCO 
1925,VEBER 
1926,VEIMAR 
1927,VENSCERLAU 
1928,VENTURA 
1929,VERONILDO 
1930,VICENTE 
1931,VICTOR 
1932,VILLY 
1933,VILMAR 
1934,VILSON 
1935,VILTON 
1936,VINICIO 
1937,VINICIUS 
1938,VINÍCIUS 
1939,VITAL 
1940,VITOR 
1941,VÍTOR 
1942,VITORINO 
1943,VITORIO 
1944,VITTORIO 
1945,VITURINO 
1946,VIVALDO 
1947,VLADEMIR 
1948,VLADIMIR 
1949,VOLCEI 
1950,VOLNEY 
1951,VOSCLEI 
1952,VUBAN 
1953,WADI 
1954,WAGNER 
1955,WAGTON 
1956,WALCAR 
1957,WALDECIR 
1958,WALDELI 
1959,WALDEMAR 
1960,WALDEMIR 
1961,WALDENOR 
1962,WALDETE 
1963,WALDIR 
1964,WALDOMIRO 
1965,WALID 
1966,WALKER 
1967,WALLACE 
1968,WALMIR 
1969,WALNEY 
1970,WALPHEU 
1971,WALTER 
1972,WALTERBERG 
1973,WALTÉRIO 
1974,WALTHER 
1975,WAN 
1976,WANDER 
1977,WANDERLEI 
1978,WANDERLEY 
1979,WANDERSON 
1980,WANDIR 
1981,WANDYCK 
1982,WANTUIL 
1983,WANTURI 
1984,WASHINGTON 
1985,WEBER 
1986,WEDLEY 
1987,WEDSON 
1988,WEIDER 
1989,WELBER 
1990,WELINGTON 
1991,WELITON 
1992,WELLCLEAF 
1993,WELLINGTON 
1994,WELLYGTON 
1995,WELSON 
1996,WELTON 
1997,WEN 
1998,WENDEL 
1999,WENDELL 
2000,WERNER 
2001,WESELEY 
2002,WESLEY 
2003,WESTHONKLAUSS 
2004,WILBER 
2005,WILIAM 
2006,WILIAN 
2007,WILL 
2008,WILLIAM 
2009,WILLIAN 
2010,WILLIANS 
2011,WILSON 
2012,WILTON 
2013,WITNEY 
2014,WLADEMAR 
2015,WLADIMIR 
2016,WONG 
2017,WUNENI 
2018,YAN 
2019,YANG 
2020,YANN 
2021,YASSUYOSHI 
2022,YEH 
2023,YIM 
2024,YNGLEDHAN 
2025,YOHEI 
2026,YOLANDO 
2027,YONG 
2028,YOSHIHIKO 
2029,YOSXIO 
2030,YU 
2031,YURI 
2032,YUTAKA 
2033,YVES 
2034,YVO 
2035,ZACARIAS 
2036,ZDRAVKO 
2037,ZENGLEIN 
2038,ZENILTO 
2039,ZEZITO 
2040,ZILDO 
2041,ZILMAR 
2042,ZULENO 
2043,ADDA 
2044,ADELARA 
2045,ADELIA 
2046,ADELINA 
2047,ADINETE 
2048,ADRIANA 
2049,ADRIANE 
2050,AGATHA 
2051,ALAIDE 
2052,ALANA 
2053,ALBINA 
2054,ALDENIR 
2055,ALEGRIA 
2056,ALESSANDRA 
2057,ALETÉIA 
2058,ALEXANDRA 
2059,ALICE 
2060,ALICIA 
2061,ALIDE 
2062,ALINE 
2063,ALZIRA 
2064,AMANDA 
2065,AMBROSINA 
2066,AMÉLIA 
2067,AMINADAB 
2068,ANA 
2069,ANAILZA 
2070,ANALEIA 
2071,ANALICE 
2072,ANATALIA 
2073,ANDREA 
2074,ANDRÉA 
2075,ÂNDREA 
2076,ANDREIA 
2077,ANDRÉIA 
2078,ANDREZA 
2079,ANDRILHEIA 
2080,ANGELA 
2081,ANGELICA 
2082,ANGELINA 
2083,ANGELITA 
2084,ANITA 
2085,ANNA 
2086,ANNE 
2087,ANNIA 
2088,ANTONIA 
2089,AOZENI 
2090,APARECIDA 
2091,ARETHUSA 
2092,ARIANE 
2093,ARLETE 
2094,ARLETTE 
2095,AURISTELA 
2096,AUSELICIA 
2097,AUXILIADORA 
2098,AVANI 
2099,BARBARA 
2100,BEATRIZ 
2101,BENEDITA 
2102,BENILDE 
2103,BERENICE 
2104,BERNADETE 
2105,BERNARDINA 
2106,BERTA 
2107,BIZUNISH 
2108,BRANCA 
2109,BRIGIDA 
2110,BRUNA 
2111,CAMILA 
2112,CANDIDA 
2113,CAREN 
2114,CARLA 
2115,CARMEM 
2116,CARMEN 
2117,CÁRMEN 
2118,CARMENCITA 
2119,CAROLINA 
2120,CASSIA 
2121,CÁSSIA 
2122,CATARINA 
2123,CÁTIA 
2124,CECILIA 
2125,CECÍLIA 
2126,CELCINA 
2127,CELIA 
2128,CÉLIA 
2129,CELINA 
2130,CELLY 
2131,CELSI 
2132,CENIRA 
2133,CÉPHORA 
2134,CHARLLENY 
2135,CHRISTHIANNE 
2136,CHRISTIANNE 
2137,CHRISTINA 
2138,CHRISTINE 
2139,CIBELE 
2140,CICERA 
2141,CILENE 
2142,CINARA 
2143,CINTHIA 
2144,CINTIA 
2145,CÍNTIA 
2146,CIRENE 
2147,CLARICE 
2148,CLARITA 
2149,CLAUDETE 
2150,CLAUDIA 
2151,CLÁUDIA 
2152,CLAUDIELANE 
2153,CLAUDINEIA 
2154,CLEIDE 
2155,CLÉLIA 
2156,CLEONICE 
2157,CLEUNI 
2158,CONCEIÇAO 
2159,CONCEIÇÃO 
2160,CONSUELO 
2161,CORINA 
2162,CREUZA 
2163,CRISTIANA 
2164,CRISTIANE 
2165,CRISTIANI 
2166,CRISTINA 
2167,CRUZ 
2168,CYNTHIA 
2169,CYNTIA 
2170,DAILY 
2171,DALVA 
2172,DAMARIS 
2173,DAMIANA 
2174,DANAE 
2175,DANIELA 
2176,DANIELE 
2177,DANIELLA 
2178,DANIELLE 
2179,DAYANI 
2180,DEBORA 
2181,DÉBORA 
2182,DEBORAH 
2183,DEISE 
2184,DELICIA 
2185,DELSA 
2186,DENELI 
2187,DENISE 
2188,DENY 
2189,DESIRÊ 
2190,DIANE 
2191,DIJOSILENE 
2192,DILMA 
2193,DINA 
2194,DINÊS 
2195,DIONE 
2196,DIONEIA 
2197,DIRCE 
2198,DJACI 
2199,DJANIRA 
2200,DORACY 
2201,DORALICE 
2202,DULCE 
2203,DULCELENE 
2204,EDCLEUMA 
2205,EDELSWITHA 
2206,EDILENA 
2207,EDILEUZA 
2208,EDINA 
2209,EDINAR 
2210,EDIRACI 
2211,EDITH 
2212,EDIVÂNIA 
2213,EDJANE 
2214,EDNA 
2215,EDNALVA 
2216,EDWIRGES 
2217,EINI 
2218,ELAINE 
2219,ELAN 
2220,ELBA 
2221,ELCI 
2222,ELEN 
2223,ELENI 
2224,ELENICE 
2225,ELENIL 
2226,ELENILZA 
2227,ELENITA 
2228,ELEONORA 
2229,ELETE 
2230,ELIANA 
2231,ELIANAY 
2232,ELIANE 
2233,ELÍDIA 
2234,ELIENE 
2235,ELIETE 
2236,ELISA 
2237,ELISABETE 
2238,ELISABETH 
2239,ELISANGELA 
2240,ELISE 
2241,ELISENA 
2242,ELISETE 
2243,ELISIA 
2244,ELISLABELLE 
2245,ELITA 
2246,ELIUDE 
2247,ELIVANA 
2248,ELIZA 
2249,ELIZABETE 
2250,ELIZABETH 
2251,ELIZABETTH 
2252,ELIZAERTE 
2253,ELIZANGELA 
2254,ELIZETE 
2255,ELIZETHE 
2256,ELLEN 
2257,ELMA 
2258,ELOA 
2259,ELOISA 
2260,ELVIRA 
2261,ELZA 
2262,EMÍLIA 
2263,ENEIDA 
2264,ENI 
2265,ERICA 
2266,ÉRICA 
2267,ERÍDICE 
2268,ERIKA 
2269,ERINEIDE 
2270,ESTELA 
2271,ESTER 
2272,EULA 
2273,EULÁLIA 
2274,EUNICE 
2275,EVA 
2276,EVANY 
2277,EVELY 
2278,EVELYN 
2279,FABIANA 
2280,FABIANE 
2281,FABIOLA 
2282,FABÍOLA 
2283,FABRISA 
2284,FATIMA 
2285,FÁTIMA 
2286,FERNANDA 
2287,FILOMENA 
2288,FLAVIA 
2289,FLÁVIA 
2290,FLORACI 
2291,FLORMIRA 
2292,FRANCISCA 
2293,FRANZISKA 
2294,FUSAKO 
2295,GABRIELA 
2296,GABRIELLE 
2297,GEISA 
2298,GENI 
2299,GENY 
2300,GERUSA 
2301,GILBERTIANA 
2302,GILCA 
2303,GILDETE 
2304,GIOVANA 
2305,GISELE 
2306,GISELI 
2307,GISÉLIA 
2308,GISELLE 
2309,GISLAINE 
2310,GIUMA 
2311,GLACI 
2312,GLACIR 
2313,GLAUCIA 
2314,GLÁUCIA 
2315,GLEUZA 
2316,GLORINEIDE 
2317,GORETTI 
2318,GRAZIELA 
2319,GRAZIELLA 
2320,GRÉCIA 
2321,GUADALUPE 
2322,GUO 
2323,HE 
2324,HELENA 
2325,HELOISA 
2326,HELOIZA 
2327,HERCILIA 
2328,HILCA 
2329,HILZA 
2330,HIROMI 
2331,HO 
2332,HOSANA 
2333,HUGUETTI 
2334,IARA 
2335,IARALI 
2336,IDALIA 
2337,IDALINA 
2338,IEDA 
2339,ILANA 
2340,ILKA 
2341,ILMA 
2342,ILZA 
2343,INÊS 
2344,INESSA 
2345,IOLANDA 
2346,IONE 
2347,IRA 
2348,IRACEMA 
2349,IRACILDA 
2350,IRACY 
2351,IRISMAR 
2352,IRLENE 
2353,ISABEL 
2354,ISAURA 
2355,IVANEIDE 
2356,IVANI 
2357,IVONETE 
2358,IVONISE 
2359,IZABEL 
2360,IZAMAR 
2361,IZAURA 
2362,IZILDA 
2363,IZIS 
2364,JACIRA 
2365,JANETE 
2366,JANETTE 
2367,JANIRA 
2368,JANIVAN 
2369,JAQUELINA 
2370,JAQUELINE 
2371,JEANE 
2372,JEMIMA 
2373,JENIFER 
2374,JEOVANA 
2375,JEVETIC 
2376,JIMENA 
2377,JIUCELIA 
2378,JOANA 
2379,JOCE 
2380,JOCELI 
2381,JOELMA 
2382,JONELICE 
2383,JOSEANE 
2384,JOSEFA 
2385,JOSEFINA 
2386,JOSEILDA 
2387,JOSELITA 
2388,JOSENILDE 
2389,JOSIANE 
2390,JOSIENE 
2391,JOSILENE 
2392,JOSIMARA 
2393,JOYCE 
2394,JUANA 
2395,JUCEMARA 
2396,JUDITH 
2397,JULIA 
2398,JULIANA 
2399,JULIANE 
2400,JULIE 
2401,JUMARA 
2402,JUNE 
2403,JUNG 
2404,JUNIA 
2405,JUREMA 
2406,JURUCÊ 
2407,JUSSARA 
2408,JUSSIANE 
2409,KACIA 
2410,KAREN 
2411,KARIN 
2412,KARINA 
2413,KARINE 
2414,KARLA 
2415,KATIA 
2416,KÁTIA 
2417,KATIAS 
2418,KAZUKO 
2419,KAZUMI 
2420,KELIN 
2421,KELLY 
2422,KÉLVIA 
2423,KELY 
2424,KEYLLA 
2425,KIYOKO 
2426,KYOKO 
2427,LAINE 
2428,LAÍS 
2429,LARA 
2430,LARISSA 
2431,LAURA 
2432,LAURILAN 
2433,LAZARA 
2434,LEA 
2435,LEANDRA 
2436,LÊDA 
2437,LEILA 
2438,LENY 
2439,LENYCIA 
2440,LEONE 
2441,LESLIE 
2442,LETICIA 
2443,LEUNIDAS 
2444,LIANA 
2445,LÍDIA 
2446,LIDIANA 
2447,LIGERIA 
2448,LIGIA 
2449,LÍGIA 
2450,LILI 
2451,LILIAM 
2452,LILIAN 
2453,LILIANA 
2454,LILIANE 
2455,LILLIAN 
2456,LINDALVA 
2457,LISSETTE 
2458,LÍVIA 
2459,LOIDE 
2460,LORENA 
2461,LORENE 
2462,LOUISE 
2463,LOURDES 
2464,LUANNA 
2465,LUCELIA 
2466,LUCIA 
2467,LÚCIA 
2468,LUCIANA 
2469,LUCIANE 
2470,LUCICLEIDE 
2471,LUCILENE 
2472,LUCIMARA 
2473,LUCINEIDE 
2474,LUDYENNE 
2475,LUISA 
2476,LUIZA 
2477,LUO 
2478,LUSIMEIRE 
2479,LUSSANDRA 
2480,LUZIA 
2481,LYDIA 
2482,MABILIA 
2483,MAEVE 
2484,MAGALI 
2485,MAGDA 
2486,MAILA 
2487,MAILDE 
2488,MAIRA 
2489,MAÍRA 
2490,MAISA 
2491,MAIZA 
2492,MANUELA 
2493,MARA 
2494,MARACI 
2495,MARCELA 
2496,MARCELE 
2497,MARCIA 
2498,MÁRCIA 
2499,MARCILIA 
2500,MARGARET 
2501,MARGARETE 
2502,MARGARETH 
2503,MARGARIDA 
2504,MARIA 
2505,MARIANA 
2506,MARIANE 
2507,MARIANGELA 
2508,MARICY 
2509,MARIE 
2510,MARIELLA 
2511,MARILENA 
2512,MARILENE 
2513,MARÍLIA 
2514,MARILIS 
2515,MARILY 
2516,MARINA 
2517,MARINEIDE 
2518,MARINÊS 
2519,MARINETE 
2520,MARISA 
2521,MARISETE 
2522,MARISTELA 
2523,MARIVANIA 
2524,MARIZETE 
2525,MARLA 
2526,MARLENE 
2527,MARLETE 
2528,MARLI 
2529,MARLY 
2530,MARTA 
2531,MARTELENES 
2532,MARTHA 
2533,MARTINA 
2534,MARY 
2535,MATILDE 
2536,MAURA 
2537,MAURENI 
2538,MEIRE 
2539,MELISA 
2540,MELISSA 
2541,MERCEDES 
2542,MÉRCIA 
2543,MICHELA 
2544,MICHELLE 
2545,MILENA 
2546,MIRABEL 
2547,MIRES 
2548,MIRIAM 
2549,MITICO 
2550,MITIKO 
2551,MONICA 
2552,MÔNICA 
2553,MYRIAM 
2554,NADIA 
2555,NÁDIA 
2556,NADIR 
2557,NADJA 
2558,NAIDE 
2559,NAIORAMA 
2560,NAIR 
2561,NANCI 
2562,NANCY 
2563,NAOKO 
2564,NATALIA 
2565,NATÁLIA 
2566,NATASHA 
2567,NAYARA 
2568,NECI 
2569,NEIDE 
2570,NEIVA 
2571,NERCY 
2572,NERISSA 
2573,NEUSA 
2574,NEUZA 
2575,NÍBIA 
2576,NIDIA 
2577,NILCE 
2578,NILCEA 
2579,NILDA 
2580,NILMA 
2581,NILSA 
2582,NORA 
2583,NUBIA 
2584,NÚBIA 
2585,ODINEIDE 
2586,OLGA 
2587,OSIANE 
2588,PAOLA 
2589,PATRICIA 
2590,PATRÍCIA 
2591,PAULA 
2592,PHYLLIS 
2593,PRISCILA 
2594,PRISCILLA 
2595,QUIMIE 
2596,RACHEL 
2597,RAIMUNDA 
2598,RAQUEL 
2599,REGIANE 
2600,REGINA 
2601,REJANE 
2602,RENATA 
2603,RENATE 
2604,RENILDA 
2605,RENNE 
2606,RÉVIA 
2607,RICARDA 
2608,RITA 
2609,RIZIA 
2610,ROBERTA 
2611,ROCIO 
2612,ROCÍO 
2613,ROMILDA 
2614,ROMINA 
2615,RONIE 
2616,ROSA 
2617,ROSANA 
2618,ROSANE 
2619,ROSANGELA 
2620,ROSÂNGELA 
2621,ROSÁRIA 
2622,ROSE 
2623,ROSELI 
2624,ROSELIA 
2625,ROSELLY 
2626,ROSELY 
2627,ROSEMARY 
2628,ROSEMEIRE 
2629,ROSIENE 
2630,ROSILENE 
2631,ROSIMARI 
2632,ROSIMEIRE 
2633,ROZANIA 
2634,ROZIRENE 
2635,RUCY 
2636,RUTE 
2637,RUTH 
2638,RYA 
2639,RYOKO 
2640,SABRINA 
2641,SADAKO 
2642,SAIKINIA 
2643,SALETE 
2644,SAMIRA 
2645,SANDRA 
2646,SANY 
2647,SARA 
2648,SCHEILA 
2649,SEBASTIANA 
2650,SELMA 
2651,SEVERINA 
2652,SHEILA 
2653,SHERIDA 
2654,SHIRLEIDE 
2655,SHIRLEY 
2656,SIBÈLLE 
2657,SIDALIA 
2658,SIDINEIA 
2659,SILENE 
2660,SILMARA 
2661,SILVANA 
2662,SILVANIA 
2663,SILVIA 
2664,SIMONE 
2665,SIRLEI 
2666,SIRLENE 
2667,SOFIA 
2668,SOLANGE 
2669,SONIA 
2670,SÔNIA 
2671,SORAIA 
2672,SORAYA 
2673,STAMATIA 
2674,SU 
2675,SUELI 
2676,SULAMITA 
2677,SUMIKO 
2678,SUSANA 
2679,SUZAN 
2680,SUZANA 
2681,SYLVIA 
2682,TAIANE 
2683,TANIA 
2684,TÂNIA 
2685,TARSILA 
2686,TATIANA 
2687,TATIANI 
2688,TELMA 
2689,TERESA 
2690,TEREZA 
2691,TEREZINHA 
2692,THAÍNE 
2693,THAIS 
2694,THAISA 
2695,THAIZA 
2696,THALITA 
2697,THAMI 
2698,THELMA 
2699,THEREZA 
2700,TOCHIE 
2701,TOMICO 
2702,TOMIKO 
2703,TOYOKO 
2704,URIKA 
2705,VALDETE 
2706,VALDINEIA 
2707,VALDIRA 
2708,VALDIRENE 
2709,VALDIVINA 
2710,VALERIA 
2711,VALÉRIA 
2712,VALMIRA 
2713,VALQUIRIA 
2714,VANDA 
2715,VANDERLENE 
2716,VANESSA 
2717,VANIA 
2718,VÂNIA 
2719,VANILDA 
2720,VANISE 
2721,VENINA 
2722,VERA 
2723,VERONICA 
2724,VERÔNICA 
2725,VERUSKA 
2726,VILMA 
2727,VIRGÍNIA 
2728,VIVIAN 
2729,VIVIANA 
2730,VIVIANE 
2731,VIVIANI 
2732,VLADIA 
2733,WALDENIA 
2734,WALKIRIA 
2735,WALQUIRIA 
2736,WANDERLI 
2737,WANY 
2738,WILMA 
2739,YANINA 
2740,YIP 
2741,YOLIMAR 
2742,YONNE 
2743,YUKIKO 
2744,YUKO 
2745,YULLE 
2746,YUMI 
2747,YURIÊ 
2748,YVONNE 
2749,ZELIA 
2750,ZENAIDE 
2751,ZENILDE 
2752,ZILDA 
2753,ZILDINE 
2754,ZULAMAR 
2755,ZULEICA 